Gaze_angle_x,Gaze_angle_y
0.049013444811598396,-0.23834567341797427
-0.009041119066681591,-0.23043229998081455
-0.023573071417558943,-0.250598884695854
0.04091508169562644,-0.23146785827673044
-0.011909621810741941,-0.3269125827879996
0.03462165522688337,-0.3482217107357039
0.09831201343368956,-0.3449217717468867
0.10606548902680678,-0.31727036477264503
0.09520700203712402,-0.27405252373199873
0.15781812341488363,-0.23740861989168993
0.12059059828892621,-0.2011980148100873
0.1426608261084024,-0.17654792650785528
0.16848266448522478,-0.16601655988204464
0.1494027182693722,-0.15707776138640167
0.14373427570914488,-0.14719057668495705
0.1589510924536159,-0.14490498650754072
0.1896775766426155,-0.12475932155076512
0.21090574104120602,-0.12583486842646882
0.17247615487159532,-0.12785192716390242
0.13961081189740587,-0.14465050277930067
0.15349762099852912,-0.12429493822075542
0.17631672985164554,-0.13091469299495107
0.1318369087369318,-0.12984186617368068
0.15473091098035513,-0.13458729338468256
0.17910519331882718,-0.14108845284746047
0.16003589315218728,-0.1405406872297512
0.1528175823856313,-0.14132069575568687
0.1828303850306134,-0.15232369103107407
0.1703258550161457,-0.14061838066186286
0.14638388359558685,-0.14559510515676893
0.18645808531049426,-0.13256375155014136
0.20675811270370653,-0.13610776268329178
0.20261313502800982,-0.13019611360303032
0.198411990333788,-0.13789141700522375
0.1866401355185973,-0.11498705887484773
0.21566970183792217,-0.12827356004735
0.23127342950649857,-0.13376948427933824
0.19932564417073567,-0.12399282507184342
0.18065713418948154,-0.1293133353685163
0.18680083794703736,-0.12667990772519636
0.1944311510791704,-0.1298527546800471
0.20038899706264712,-0.1107807774881068
0.21402539743113566,-0.13902818901374958
0.1984042799522094,-0.13612289826744994
0.19896722090120544,-0.1345241923942046
0.21479101795276392,-0.11086785891293538
0.16094663586539085,-0.11568718345076293
0.1712961805028593,-0.12737610600108767
0.16300527239915588,-0.12189503883673952
0.17194072467341812,-0.11665453137021568
0.1597924095324847,-0.11313034672439655
0.1559160287439134,-0.11184947015204891
0.13524104735352283,-0.11256978149951603
0.12830882654391257,-0.10639447000084239
0.14422941893922644,-0.12712550521992794
0.17699467304577543,-0.13064980131630075
0.15882945766420495,-0.13144046283913693
0.1690506703436914,-0.12648617692500524
0.13608665602370798,-0.12733559998985158
0.1431210422758171,-0.12956422406035736
0.16977794192396117,-0.14137421017424176
0.17750698293808714,-0.14477224742007863
0.19180961202367025,-0.14527542684606135
0.1665707134473369,-0.136009553716953
0.18735514245238868,-0.13103064697576042
0.16893371112320074,-0.14210870343146656
0.1772757937661449,-0.1439975765612077
0.19531617878711993,-0.13782852700497944
0.18638403764034592,-0.1261543330044593
0.19514323955419594,-0.14035547495919531
0.1618560749304846,-0.15595905060720844
0.1753792632142539,-0.13456228751283061
0.1832755802994251,-0.14357121166335213
0.11196595722101556,-0.15008696672704483
0.1507626901302605,-0.14460028763099766
0.16858908743004195,-0.14605375404633486
0.14461431871461383,-0.15106431478622687
0.18506762770076154,-0.13747933904676196
0.17799777780166204,-0.14722520148762724
0.18094048705800805,-0.14443556290934484
0.14020321646493603,-0.15539870525635985
0.1761497713530355,-0.1407006275556016
0.17694982026260597,-0.14654917197510633
0.1396460160369892,-0.15027821714971223
0.1823953519041862,-0.14133169748704966
0.13908646950333775,-0.14065926399055054
0.17067651171984813,-0.14055478809935948
0.15634746286529194,-0.14328147844626504
0.17582859243586504,-0.14486912756917136
0.139643355336981,-0.14022795475442915
0.16181599930491497,-0.14149000118272712
0.17983680552249404,-0.13897830682287238
0.14900838232044764,-0.15243562427265953
0.17889111037975786,-0.14701205328766034
0.15139638811091938,-0.15291588197356715
0.18632080543277174,-0.14159660454146433
0.18425361372768193,-0.1374998206094372
0.20066005304006773,-0.13197602475631676
0.1924561602619429,-0.14107343845140555
0.16634631452160106,-0.1401255715134904
0.19485975175216946,-0.14147045939567698
0.15282170383750526,-0.13358109197984208
0.19846696358324756,-0.1411271341708938
0.16300296936107556,-0.15478659028690614
0.21309152114597715,-0.14595296719243298
0.2015964405740433,-0.14165133288833873
0.232349640807847,-0.13988652554472425
0.19876615469678696,-0.1458633182946644
0.21411094624004243,-0.13883018769706354
0.22502315597751044,-0.1413145165709737
0.21503867225920262,-0.13488066816762154
0.1962503768628469,-0.1393828870514039
0.18857202258541758,-0.12808672466964943
0.1641757232383204,-0.1321782634393372
0.15771486056312922,-0.1322469273109723
0.171036161521885,-0.13213881543794573
0.1279837639332635,-0.1331444422723353
0.14196362645980695,-0.14254590938412579
0.17136295426721612,-0.13282347720288248
0.18390001363814273,-0.1303245013919453
0.16412348946299704,-0.12931114108856268
0.20347107086083802,-0.13183111977917797
0.16804689436919593,-0.12107871431364858
0.1904221533923479,-0.13433049539632178
0.16081406086202807,-0.12827166961428021
0.1544566286771157,-0.13900729558542685
0.16237140141220485,-0.12818989930029356
0.18646421548109685,-0.13255222764052454
0.192116802488991,-0.12505914233166712
0.20133865498368972,-0.1379759086588999
0.2025932810541494,-0.13926943315075804
0.17120350106428367,-0.13422892323940452
0.19228048361601233,-0.13297512664230363
0.21219682751401353,-0.14749051123063545
0.1930379236499544,-0.1417651126286392
0.18473268760510675,-0.1439188301052315
0.17738531234128688,-0.14915050948526729
0.1946391390381843,-0.13531389624099713
0.1970322841908621,-0.13855470896947789
0.18390394009951605,-0.13900166729044974
0.19511010164161305,-0.14300098235563713
0.18803339228847896,-0.1451704951560843
0.17911413469699333,-0.13857753341912366
0.18907646966871297,-0.1448724402233908
0.1931617944545043,-0.14231316890902118
0.19191573640781598,-0.12524028964533676
0.14699824463578512,-0.12311522613294505
0.1393652041446859,-0.12395875863403194
0.09310427069615514,-0.11893339356721958
0.11223693079430605,-0.12525578946226884
0.102826685907955,-0.12137965791057378
0.11925029863544384,-0.1208811254140594
0.07643009464302804,-0.11539867820926347
0.07020543793045372,-0.124619309910111
0.04187881847304371,-0.1273079570630712
0.10047095354157212,-0.1089159255782811
0.07674691678584182,-0.10669533302213909
0.053452228025376025,-0.11921377361621344
0.09560319265982319,-0.11390955419804163
0.11908726411730677,-0.11509209321820701
0.14074093703270424,-0.11554009343176574
0.14646103706771,-0.11181790903891067
0.13908117076347873,-0.1065620592431921
0.16677771839921612,-0.10443695695828233
0.2004451210060358,-0.09504659339520866
0.19245123225291805,-0.10462578474409762
0.1691041988037929,-0.10607453507199481
0.21138494485381243,-0.10390426857127236
0.1769750821127181,-0.10907240436373841
0.1719744412950591,-0.11669391588357676
0.22815493197719144,-0.11138555860909602
0.18471522139748597,-0.13003576744231832
0.16059428102759477,-0.12917628672795844
0.21731054131799665,-0.11929270882966331
0.23523057934603875,-0.12500966901748098
0.16685309064942183,-0.1256257574601793
0.1895547181577489,-0.13253460408833542
0.2228492789428118,-0.124672014853031
0.20955587985189286,-0.1274628884871374
0.19648239833664927,-0.1378577034541733
0.15412042097447037,-0.13394772148341655
0.1502154854873766,-0.13423490669529642
0.1881258448215682,-0.1362530281033129
0.17438849849064753,-0.1298675910335531
0.15143662350853723,-0.12708594138847654
0.22878518658921798,-0.13836183562533066
0.18940809512968262,-0.14861235434272405
0.1691424925310095,-0.13438887975327143
0.19723980575956132,-0.13439793134101674
0.17995901255502994,-0.1347955638273773
0.2353455420538756,-0.13393142502681124
0.1900207094047637,-0.1402357768134747
0.1614000029212775,-0.1466581419586436
0.18225645797564918,-0.14468536952552205
0.16367520992189988,-0.1440753616707383
0.22830230730535944,-0.1303812564518051
0.18336364812766565,-0.14189632024717175
0.19734035501847078,-0.14502556203033612
0.18511791289033797,-0.14192933672196248
0.22119369894624577,-0.13121168701335695
0.16932511944467793,-0.1461282491293243
0.18322362630385133,-0.14140903278825487
0.19813978514850264,-0.15011419352834213
0.2105034498049874,-0.13909097037963397
0.20994363049890846,-0.1465462972952708
0.19829827661287103,-0.1471711510441823
0.17998254631642338,-0.14367343393440213
0.1714672302913516,-0.1487833979393911
0.17526263926764812,-0.15413468224775195
0.16595825886578355,-0.13232071297329248
0.2588813271618184,-0.13515950911699262
0.20131827607702504,-0.15102199462475657
0.18926714557223506,-0.1474576802836483
0.24772000950270653,-0.12466897584746428
0.17185752887400607,-0.13774640115938477
0.23821467266508362,-0.12901007726589175
0.18586598100669346,-0.1284825833042411
0.1972250986128427,-0.13176006487429115
0.23285655164712232,-0.15581220946032134
0.2768025993829643,-0.15085673339931852
0.2182579076245718,-0.1264951813470383
0.17853436914323895,-0.12950165452335044
0.2256178229415124,-0.13217187582989087
0.2148456931437263,-0.12800521703171705
0.17968537649081154,-0.1420065585098264
0.17866086263698241,-0.13549490296262076
0.21780337527050814,-0.1321211118667109
0.21700457810019627,-0.1656410986656064
0.21002009290431164,-0.12444939921505807
0.22764264928316075,-0.1314721091904924
0.21463709452907734,-0.13555043135785244
0.2355782475515094,-0.1320222546527674
0.1757864971177947,-0.14897452055123242
0.2198001222139867,-0.14267948295257712
0.2440698889232389,-0.14019660166079312
0.22620429336361095,-0.13885424022310422
0.18448875991043767,-0.1414871222527597
0.19052369888471504,-0.1448628315436991
0.20241222853515908,-0.15299647956693418
0.2162590036819659,-0.14527201713915325
0.2043315356389718,-0.14696552924230566
0.18422033612156374,-0.13923599154690336
0.18921872265627393,-0.14066916823685854
0.2361339360674866,-0.12818907496593596
0.22316688733223997,-0.12787485768814336
0.2202858784802713,-0.12410647038018068
0.20597494669121824,-0.13609485309151312
0.24954493521448495,-0.1234450262335786
0.2573908186928849,-0.1271934124159001
0.14606133908288135,-0.14770723648379033
0.18114961036328078,-0.14792809370348725
0.15603333363118335,-0.14260370611440193
0.21364575426736523,-0.13916731927004714
0.1492901228151402,-0.14461899365709824
0.18129569837880455,-0.14284272394361197
0.18399659702477136,-0.1310959842747568
0.18864237462573671,-0.1980238578414186
0.17212380554495232,-0.2448652632253292
0.21940181606154208,-0.28736835232352786
0.1964145129952931,-0.29183892667274536
0.18034902671626185,-0.29530226494496004
0.21231055807556257,-0.25358109008130714
0.24486265830826182,-0.2524599300882957
0.21077536216190637,-0.23288639621425783
0.20649557491356138,-0.2243485977144298
0.2051140094718295,-0.19055482658799766
0.1929543093108829,-0.15750047149031515
0.18915330740041678,-0.1642932216334221
0.1811524113512685,-0.16104029672924453
0.16393296608678132,-0.15726931564190622
0.15604322846174878,-0.1485180347300387
0.1871599045098087,-0.14124146013267072
0.19892984347613282,-0.13637572833262737
0.2022515599201925,-0.14572337553264972
0.21337398863699622,-0.1344090170317833
0.19926635270225707,-0.14592216393658075
0.19957673851906768,-0.12620303232306235
0.16740960026603796,-0.14017696972554436
0.18904019023508373,-0.13752161168431012
0.22588404249319677,-0.1546104567906039
0.175776833307344,-0.12830355786145414
0.17596409801947152,-0.13110663664055577
0.2042506618518139,-0.145712214121952
0.19502205787966792,-0.1261946938997195
0.1929450046369483,-0.13437478786587492
0.18877998275044752,-0.13665769635610137
0.1452134475113772,-0.1450684235040489
0.1881842654548165,-0.14607034830839336
0.21274437019878564,-0.1413795387339052
0.20730208549688367,-0.14657405522272074
0.15357184834744664,-0.12732198827572375
0.19058502307399094,-0.13476799613409726
0.17475728006821634,-0.13326174512696118
0.1788074772251982,-0.12813146107447726
0.18824301149267125,-0.13685809263573034
0.21601504402476004,-0.14315257702796305
0.153142539849187,-0.14014964244728467
0.19479001601623047,-0.13686001167236342
0.19897169566937553,-0.13876111138701958
0.20009548992347556,-0.13995386199251952
0.21364806166238942,-0.1369371815839641
0.17370209846613582,-0.1113489486602284
0.20382610559743816,-0.13969431558545764
0.16417301129857476,-0.15163201513287522
0.22388448000048827,-0.14081456974423484
0.19172606292807076,-0.14586474977817368
0.15405114244906054,-0.14903580076707865
0.18946167881128492,-0.14778567930840153
0.2055086343690549,-0.13812093474698914
0.2068361777508114,-0.1417330118555733
0.18646060184922525,-0.14287900532391748
0.17481277786093197,-0.13744755526965624
0.13204921558976504,-0.13699313806605398
0.1502549102077285,-0.12407674710437872
0.09940615804515053,-0.13433400095089507
0.07041087262345752,-0.142221403739035
0.0801097963605201,-0.1387177834117006
0.07912130541255241,-0.12857622264679722
0.08304358442194633,-0.12853432197055142
0.07478021877904881,-0.11308550941964593
0.12337179299357655,-0.13358206759361332
0.11891472155164513,-0.12312181590659826
0.08613544465342451,-0.13464508818673482
0.12226857311787984,-0.13505476343628972
0.10739639638154103,-0.1350906564341687
0.135138522347361,-0.13439537772363724
0.11313103701604092,-0.13946737839281032
0.1440562189541611,-0.14423966074867803
0.1378535306040211,-0.1464999961470335
0.17037362192683858,-0.14541972227460906
0.2001761796998882,-0.14514106329454016
0.16037958669599464,-0.1467665938506554
0.14482160281013817,-0.13413604201605106
0.17706977953105468,-0.13351984587038543
0.1876437620160166,-0.12576284694856904
0.22120362084895726,-0.11767162283605806
0.1830518029640437,-0.12102573052496525
0.1825848666289218,-0.11930553991979213
0.1451252763605131,-0.12670242613597482
0.20909581285301018,-0.10774205663253196
0.18868457097254057,-0.11476732288234776
0.17017944520984984,-0.12071286512056285
0.14633478440398823,-0.1147895134977105
0.2085049453751566,-0.11220506631706038
0.15486054447433079,-0.1201488157647172
0.15136077380601887,-0.12029696301879099
0.1392728586872219,-0.11188247816704795
0.1496871749562424,-0.12333418111324597
0.18323741919290087,-0.12518307546997084
0.1813467902982252,-0.13347894711293865
0.15981307285280807,-0.12351600594373008
0.16921454082878515,-0.1222723137832785
0.14903609887201852,-0.14179304215731814
0.2069597319591168,-0.12216078735206237
0.1968213803152544,-0.13319131129283457
0.18992537396679854,-0.1296026340122757
0.17025333873039278,-0.13169173368346437
0.16891056757067854,-0.13030756985841974
0.1426416084445013,-0.1276280597370006
0.17439550561295433,-0.1300647061281073
0.15761202367853883,-0.1288695917003239
0.16135429847585742,-0.12144972845390375
0.15214499855406272,-0.12556594790944017
0.15092743474630932,-0.13537473271602316
0.14881515475407853,-0.12294934611868835
0.17917053437010785,-0.14702370568038417
0.18378931753119954,-0.12560165331236187
0.16795438754151035,-0.13109859990596748
0.21510015988638584,-0.12789481672001746
0.2071414880719396,-0.12944875804805886
0.1757093487606208,-0.12221290850705026
0.18908172340958457,-0.12086210054849748
0.21002188136644642,-0.12097057349548665
0.1372937303002524,-0.12505623713470015
0.16732585755867863,-0.1194012992041641
0.1875281640601662,-0.10888239234648629
0.1548463598581822,-0.11006475123321838
0.16253763286495548,-0.10728832586572223
0.10344708505840525,-0.10936463919505794
0.14965516370627205,-0.10003712521159151
0.17167920638994807,-0.10243265828557489
0.11190330128375632,-0.09930498760557527
0.13725754067488802,-0.10361120709758762
0.12415059933126973,-0.10398718169968439
0.11618354712547704,-0.11244445019738805
0.11105452841579451,-0.11522717592413888
0.08972950574487357,-0.10538665017994572
0.09435735625343361,-0.10524428969635444
0.09275834080923309,-0.107763642741724
0.06322374824424963,-0.1048458321511576
0.06686907730726946,-0.10655878669220371
0.11609704879338516,-0.10710380880625463
0.06895361188010576,-0.10502376012123328
0.04475708098893746,-0.09619683449744428
0.072477258026342,-0.10537472459311217
0.07832388844583936,-0.10692897177409387
0.0811376581584621,-0.12112340312777067
0.1471967953862078,-0.12191758548205732
0.1670198498014915,-0.13979835861451848
0.11665779632167214,-0.13401012554812042
0.16694444848816836,-0.1303644222839615
0.16774057217930763,-0.14672832094100982
0.1599620419277265,-0.1503599153433354
0.17087971153964837,-0.1403477463714509
0.18802384558500432,-0.14218031824204397
0.18810402825807965,-0.13913144442348246
0.18834186852721277,-0.13078249441461567
0.1297588979356879,-0.13233857870405655
0.19609484542343183,-0.1467136645122058
0.16116795312146048,-0.14266031880894695
0.19007012901081155,-0.14704502184051862
0.2183944099356852,-0.14673804409262242
0.18315325246595662,-0.1546876022578909
0.2086468847401225,-0.15331089204607115
0.21359829581914752,-0.14942709400406287
0.1504690974379698,-0.12505623156831963
0.1876700942697791,-0.13976562600347275
0.2059846783631539,-0.14382130061722095
0.1926137678641341,-0.1366503900207924
0.19427192143574742,-0.14258349690834343
0.2345623469293008,-0.1326469960014607
0.15987591382335378,-0.13899327466910766
0.1496176867046845,-0.15684426831559536
0.1574536037257743,-0.13325071584668022
0.14425652867488772,-0.14378089853946455
0.20081467038553852,-0.14549713554198382
0.15610792106249533,-0.13350802810038392
0.16106277327161755,-0.13071699398497957
0.1565675652376307,-0.1396407400610831
0.17425734598371043,-0.1346970927273704
0.1872753950399912,-0.14692554743342393
0.18120914253814352,-0.13457507479933933
0.22396403798009498,-0.13783516998083517
0.18040022730474034,-0.14494642673928726
0.19647570330399663,-0.12839336162771617
0.1875623581360963,-0.14587759303303688
0.20454671137361302,-0.14412725943998317
0.20124408137332397,-0.1536380304603513
0.21802104688561164,-0.14064565024049006
0.16599053079092302,-0.14451312457090637
0.16030123373640667,-0.14461889727943036
0.22268064277299993,-0.1254546870565947
0.19187795733676624,-0.1463265677757657
0.15272489209990056,-0.14504124754323988
0.14892788615928376,-0.14623994851418606
0.10253334719355098,-0.14070650524189104
0.018267504162757107,-0.12697558779538615
-0.025938616357188662,-0.14364924356179656
-0.02147917499738658,-0.1419771707924142
-0.021119066225865492,-0.15305510964305147
-0.08605521167041935,-0.16244441057098247
-0.02501990231045756,-0.13935972849051884
-0.10514632142448258,-0.14150479452958178
-0.059192212672169536,-0.16119986258316688
-0.10448687930637825,-0.1451433276970686
-0.0755275931341455,-0.1548639932959336
-0.09252344116175049,-0.16852493561045676
-0.07603806600990111,-0.1619866508106367
-0.0863267371942287,-0.17016675419111885
-0.07191565303841227,-0.18547318610740512
-0.09208986729199074,-0.16566056706453453
-0.08827123990893322,-0.1691567723798524
-0.08154677424537592,-0.16213442594789296
-0.09544636805571666,-0.1581133490768794
-0.06437833516080362,-0.1471071120884947
-0.1124322796307251,-0.15371158291126288
-0.08206048085796774,-0.16158372436246016
-0.09326275695299614,-0.1607757309172606
-0.08280653804930836,-0.17168195402816
-0.09533761317165151,-0.16480125170527232
-0.06747158032217673,-0.16154888872496656
-0.07774549409538278,-0.16373778136737946
-0.05931678489809667,-0.16427418995334575
-0.07558346945619315,-0.16391168704694797
-0.06826129048290203,-0.15845500080880492
-0.0684213063162822,-0.15949722262118995
-0.0762783784694803,-0.1653115482219353
-0.07274774004916434,-0.1518574541406681
-0.09732899773430524,-0.14702289633450072
-0.05119172456522067,-0.15544738487354648
-0.04058063535251627,-0.16403380727249608
-0.05734211746109904,-0.15805508362001702
-0.06367291789554747,-0.15664973794286197
-0.09511847843110158,-0.15660805949640286
-0.07758033298468313,-0.15504593487270954
-0.10861532733564166,-0.1570777650699634
-0.04922393600472779,-0.16556746702867423
-0.10528371645442584,-0.16480479598589434
-0.06273035098056537,-0.16526354154990308
-0.08708810450234687,-0.15790911325808185
-0.13084338825991876,-0.16193638844386415
-0.0649520389068447,-0.16478181966618347
-0.043774909810529054,-0.15687010945596616
-0.07888829040125779,-0.16148766531074035
-0.07673847491121212,-0.15454570000079718
-0.09781132615994123,-0.15344156499974132
-0.11697088685083228,-0.15098306245219417
-0.0969418459710829,-0.15341246834833505
-0.11427470682409135,-0.13035890204064132
-0.17408746396758468,-0.11062231100374445
-0.22991671857634605,-0.11675797146266928
-0.26483763741790844,-0.09997119987981726
-0.2707773367722737,-0.10211937918089539
-0.2899541348794065,-0.10313951486223444
-0.2713574474147813,-0.11669931741158672
-0.27409400039028864,-0.11036786501020915
-0.262700449552288,-0.10394744716595773
-0.2742877100693823,-0.09850218302970212
-0.26187530800837233,-0.09795023257346856
-0.25304702709393545,-0.09094302885600958
-0.27963518554302297,-0.10378009495931736
-0.2747756705265691,-0.0924815917081462
-0.28135590379218794,-0.09253365233447813
-0.2936639056385436,-0.08498011406295147
-0.2808021168204467,-0.09106346451591073
-0.27088542396227105,-0.09249343265688055
-0.29608687541280065,-0.09470273677302454
-0.2637472617250656,-0.09590477181030431
-0.29130151699838874,-0.08789858966286028
-0.2946321136178721,-0.09171320961385944
-0.2876558446634607,-0.09480399633850348
-0.2811143072431113,-0.0872783687290598
-0.28455903660931414,-0.08427205024841049
-0.2728052261036478,-0.09333391149473479
-0.2949292404851552,-0.09730638583940673
-0.2891060017554489,-0.0966204527110524
-0.29551437529445373,-0.09479929661122122
-0.29024028431474824,-0.1041171534994497
-0.287377655363937,-0.10616329055963063
-0.2789525881098221,-0.09727482867119772
-0.2885748380006282,-0.08740653426505487
-0.2852491479132216,-0.08858027976898925
-0.2965820833878479,-0.14213341264628776
-0.29372023371421707,-0.27276412541161243
-0.2307823604533431,-0.3286560051524347
-0.2122888265599966,-0.32943573943380744
-0.24599175172882676,-0.2980636258164941
-0.29077020949868737,-0.2707058815051889
-0.28046915793830646,-0.2226951231469763
-0.2705770002962461,-0.16047983322333617
-0.25310632829188767,-0.14397769999782767
-0.2549193719188155,-0.15041701364319351
-0.26444425150284073,-0.1260590078820833
-0.2778686010815121,-0.11375539620414579
-0.2498643405297905,-0.12044270573453622
-0.2917940228933278,-0.11796025528909028
-0.268582043276548,-0.11667601692821138
-0.28178350770696736,-0.1133615430029684
-0.2656973852670049,-0.10022759063455962
-0.2705198642155078,-0.09459310406575804
-0.2772734313799145,-0.11340395218237517
-0.287257877574137,-0.10467287580256207
-0.2734095964820339,-0.10902976797137559
-0.2616718854310403,-0.10130624970191478
-0.25349877081479477,-0.12184765689789184
-0.1500469146638865,-0.13517517658614248
0.007127936601761964,-0.13299831998150535
0.13186968220403636,-0.17533973321433255
0.09608833318773286,-0.17802823070838514
0.15512311634812023,-0.17909184840118433
0.16490817154445297,-0.1836994819397948
0.19418401089226808,-0.1888926456419169
0.20591741059183133,-0.18499686335840704
0.23490772233924404,-0.20166356651760733
0.22931097944793097,-0.21423174669105113
0.20653814510061658,-0.21538178920576298
0.22193523071792576,-0.1976771656533082
0.1678851246822875,-0.20721417313966795
0.22682018190105419,-0.21754381994858052
0.16144524005601993,-0.22561724202703934
0.2306256649840305,-0.20396182130995927
0.20255332012823177,-0.19519181994292195
0.19607251703823378,-0.20933176627793537
0.20849146832517645,-0.1970430072896074
0.18605800132925038,-0.2001400918622446
0.15701337679816302,-0.22198152358698825
0.21814084855368246,-0.23783090099892426
0.2229640374033723,-0.22400509365210158
0.17699497376363418,-0.21341896195972454
0.21121956959606664,-0.23020818350287986
0.17098508128598133,-0.2282288324549977
0.202701886555229,-0.21595319151336573
0.22563781933014432,-0.21517567341391822
0.21848249406075892,-0.2235134077854032
0.19888450976858438,-0.22214693766341406
0.2392911563104793,-0.23238488688297498
0.19789367904734645,-0.2231090894748158
0.20425649234703375,-0.21722211300538924
0.23658152969932836,-0.2298821335070578
0.171817401841255,-0.21352694118377524
0.24053705783070342,-0.23240948488045013
0.1675795027556096,-0.2230591085435211
0.18131590754914192,-0.22844332896546557
0.15896783938712059,-0.2307978538313168
0.16729240841592782,-0.2145991268914484
0.15656725625540382,-0.2066353633484331
0.24230468990059978,-0.2227275754804418
0.18063458848786443,-0.2109796429255311
0.2022405997762532,-0.22294969395837366
0.1803217503928173,-0.24372348453986908
0.18274936320508015,-0.2335787042557657
0.22199617520890902,-0.24944873449403906
0.16855394718826563,-0.24808774902225808
0.18527483058206615,-0.23378812933687462
0.14973676702557628,-0.24319399004315634
0.183350578562644,-0.2351632101271008
0.20423532034038205,-0.2280766833384381
0.1893105435828503,-0.23452847747823133
0.21280557040064071,-0.2231398477121246
0.16452580783892995,-0.2477335706845384
0.2162519576457969,-0.23128367074260853
0.21800871466615768,-0.21364512774703232
0.1690519173351345,-0.23661137201621352
0.2066887173827289,-0.23870092522770744
0.17272821084992945,-0.22946595328213398
0.1896434729203051,-0.24115295947467594
0.2415086482766204,-0.234576459752087
0.21633384707606113,-0.24314360011867997
0.18800750886655226,-0.24987174807024184
0.16930923176080473,-0.2564187311150262
0.1958723795218379,-0.25762769272812375
0.20878770791109472,-0.24622975008315162
0.20132982379005357,-0.24709369188985392
0.2007242065139534,-0.2558270134693807
0.20551076257958117,-0.2403948542082246
0.18785307327457976,-0.24267969986239996
0.2167899599472845,-0.2458950767122947
0.20391214664751628,-0.254052388959118
0.19515418558849723,-0.24446809080948612
0.1377124497608679,-0.2593801827570015
0.20173582669526824,-0.2530955927703912
0.13417381148695878,-0.24846661998893071
0.20191360561846414,-0.25508497913980566
0.1935607726697557,-0.2469046544219893
0.2189539007309302,-0.24035951441624084
0.19196497083983471,-0.22297686355161872
0.19750235636102279,-0.23440638334689212
0.14271079817653765,-0.23752858659759812
0.21419905513557908,-0.2562169897537842
0.174128517557535,-0.26119560464173414
0.0969325500933404,-0.2458724439983711
0.050130600953435134,-0.2441290795622423
0.010231532496583802,-0.24814700348199073
0.01247413415330786,-0.2462183765959765
-0.052941571162045425,-0.24745414592085505
-0.0065116373975634256,-0.24722276595027684
-0.013092944423498622,-0.23785035290699663
-0.03203010704559425,-0.24639937963252168
-0.025091088219156427,-0.23223447371848688
-0.0629422191276973,-0.23504586766467347
-0.07634891232696449,-0.2426150394051637
-0.043850491137611726,-0.23768192811346445
-0.06601821901663821,-0.23946464193231093
-0.07317884465155536,-0.23223041725194069
-0.06883505913668879,-0.22645569956981898
-0.07220817057542052,-0.22539497362256009
-0.09109507269962633,-0.2197528596618061
-0.07119113569230652,-0.22603130521268316
-0.055235872559951674,-0.22953550955973173
-0.07015048141737454,-0.23037872997799824
-0.09781077472760878,-0.22296127697296575
-0.10949006820717648,-0.2330556217719441
-0.10898812484152312,-0.23177339430279625
-0.11026280377460859,-0.23073440584254307
-0.11970888061591997,-0.2282490173923816
-0.09858983715506979,-0.23436016918029023
-0.06373811867589346,-0.2301150582243585
-0.03653678544407256,-0.21520176100739907
-0.08920141947984314,-0.2306755222444986
-0.07502557154630879,-0.22444183861199193
-0.08146849650674205,-0.2290116831585411
-0.050474369368740744,-0.21564986136610392
-0.08837767443919363,-0.22262785212873965
-0.086957692521989,-0.22623238015819597
-0.08480597021068814,-0.2401763957495801
-0.08847433057471805,-0.22727880109512136
-0.10238053512002457,-0.218195115588987
-0.07323438875480036,-0.21957239731193978
-0.06156984700229399,-0.23110216018015578
-0.07149784098727004,-0.23718717223719615
-0.07897387354285769,-0.2222115986200623
-0.06274111512875345,-0.229811340546868
-0.09428187073870842,-0.23540631026822947
-0.07011081184383644,-0.21452923245916902
-0.10648791500620919,-0.2253613359394412
-0.09610969118942367,-0.23054449471847974
-0.046538622835655595,-0.21813593187897795
-0.06022545488562885,-0.22712374367957747
-0.07182948650901826,-0.22394922938284498
-0.0648208103413945,-0.22597538954442783
-0.07675648550788426,-0.22869734396696834
-0.07192737518096931,-0.22960483487596636
-0.0752929855920039,-0.23433024728094617
-0.08843934564848312,-0.23379092157283576
-0.044599614241836026,-0.23129825265249618
-0.09527140456477763,-0.2348030694913365
-0.08265323211446275,-0.23565695283986976
-0.058152822030059045,-0.23541429121734317
-0.05660745262269091,-0.23223901607361483
-0.06862221500074267,-0.2330362650468724
-0.07976149590086996,-0.23578879317142024
-0.13175604532893467,-0.23106456630354597
-0.08584241657119933,-0.23060275786073592
-0.04474680580290412,-0.2263215291875215
-0.0809107814784762,-0.23110605526326905
-0.0796351906152647,-0.23033372700368887
-0.06634120511616654,-0.24381539245638884
-0.0727136599628064,-0.22480382644920413
-0.09085848160408283,-0.23180234808156724
-0.10219478155704792,-0.23505055551756868
-0.08251065039409716,-0.2333092177910819
-0.07635230246193739,-0.2363779556419586
-0.10246045454543881,-0.23259392497570144
-0.08032585168505763,-0.22852679053311206
-0.08654527373252771,-0.23629907936448602
-0.09700358750813465,-0.22383678243909735
-0.110873456713801,-0.21216409672197586
-0.21437687894063515,-0.19973745952690491
-0.25020623378400664,-0.18216324253403138
-0.27113871506590353,-0.18322687937308166
-0.2879233768313286,-0.18525950357902657
-0.28274105955672324,-0.18340755725829475
-0.2845778292959956,-0.1712606724799193
-0.2946973611050984,-0.17054787491429121
-0.30598243465328384,-0.17116179995794162
-0.3165634212484596,-0.17188249566039795
-0.3024748117632216,-0.1692661975418492
-0.295262080720157,-0.17242346329989117
-0.2816647137616664,-0.16828369111273758
-0.3123397817535602,-0.17086474092093779
-0.30380644023804604,-0.15835168861410798
-0.29296485605827005,-0.16093099835440022
-0.2912158694838622,-0.1635200873007325
-0.3031849411147786,-0.17620339716220432
-0.2805557503938307,-0.15846709663549122
-0.2985588984424015,-0.16456115260426438
-0.27139142540621275,-0.1663496443061258
-0.31766639588803636,-0.17322541113428191
-0.2920553667954354,-0.16600735454770293
-0.2715270130858399,-0.17003432504580226
-0.3070720361973357,-0.16281577979434425
-0.28749087189985045,-0.1616498252277324
-0.2909325424826019,-0.16343089275337566
-0.3043798262232997,-0.16978368936802338
-0.30234517664892957,-0.1794810297309094
-0.29558926154508197,-0.17335058602210487
-0.3007867836770673,-0.17629350061024757
-0.3065520869553823,-0.1678700191804666
-0.29975640788195895,-0.1700118139691486
-0.27502337259949117,-0.18100870663404547
-0.2842728094218492,-0.1937838205034362
-0.2723033705245367,-0.17690568295817446
-0.2809827151438362,-0.1805585713534602
-0.2607006274130931,-0.17659160494322332
-0.2714107788668091,-0.19064143140722029
-0.2604738549194941,-0.18226587213692805
-0.2638347806607829,-0.19692482241179116
-0.25067918120874827,-0.20289659197859783
-0.27038897246186844,-0.19363006352945
-0.24690525964871438,-0.19177332565548555
-0.26348835481446836,-0.19652845274976594
-0.2781349873546328,-0.18418760454332328
-0.275466642282467,-0.19435204072306436
-0.2688436008057285,-0.20086561223508537
-0.2692807596915739,-0.20501690288771598
-0.26796860255252397,-0.193388569874795
-0.30856088922711133,-0.20434008115875327
-0.2770211204559365,-0.1960943865938586
-0.2721490742453808,-0.1904251411944307
-0.2665730218440818,-0.1840312104829079
-0.2701920759655559,-0.19115190123547116
-0.27986344201528773,-0.18926782240091822
-0.275570071070441,-0.18483418774779797
-0.3329737723928498,-0.1890825896616388
-0.3041363410580473,-0.1929704514349461
-0.28626654720011335,-0.1808274148602705
-0.31435773945252343,-0.18105679582024795
-0.2909930150437225,-0.18940604830422497
-0.2787123169757719,-0.18844742355454377
-0.3091684334348616,-0.19466626915825896
-0.3062890188586848,-0.196767387835278
-0.3062631752254728,-0.1878821448766353
-0.28759540898019625,-0.19004366451241753
-0.2895700120008034,-0.19177493616572963
-0.2975268276963334,-0.1863556479197429
-0.2765967593099551,-0.195979981267862
-0.2857575119297847,-0.1845501696602565
-0.3192577411809001,-0.1794001924160305
-0.304648862317631,-0.18104806956768232
-0.3112333529728079,-0.17918421014419758
-0.28960343135214495,-0.18127376774221637
-0.29883228854259947,-0.17770734641330455
-0.3077122456260699,-0.17822859021805884
-0.2834290166979583,-0.1720990501361856
-0.2791351544539776,-0.17477341379332795
-0.3111550031637662,-0.1774020765997297
-0.28821478290450064,-0.1671595768273185
-0.29825862773090295,-0.17339574610017514
-0.290236813413769,-0.17210248659474253
-0.29532358711380535,-0.17691459691683284
-0.27747236710180423,-0.17218056778730337
-0.3267223859910228,-0.17345179204654387
-0.3378359808017336,-0.18412316571492696
-0.2717830494918207,-0.19146973277805082
-0.2829104005806319,-0.19568220072353612
-0.1785103363103704,-0.22585301612276457
-0.026175886968757542,-0.2604683824780274
0.05622369599727053,-0.26501678416173463
0.09500853123854416,-0.29092405593832027
0.12176266787883387,-0.2872653551390376
0.07479345123760399,-0.2976174347259532
0.15303947082889796,-0.2832032846619524
0.13980126056811634,-0.3118189131355912
0.16156733307791302,-0.31402014394375344
0.1933687990368998,-0.35821507832382654
0.22490749824032719,-0.3805854626994238
0.2614884219703626,-0.3871221240158859
0.27595585821581753,-0.380280677943324
0.23323337707733785,-0.38105970450261045
0.23733100647485927,-0.37226279845268395
0.24832005680393965,-0.35397852251743034
0.23930917290530643,-0.34956025248166794
0.23605831491183704,-0.34245373845421445
0.20645860534408353,-0.3445355501619662
0.2295596394100771,-0.3369398744120033
0.22195886181299826,-0.3387388307625161
0.20221135550283698,-0.3246662494705303
0.18370258295970784,-0.3223666345857686
0.1268626951142766,-0.33144768593958124
0.20406006960523018,-0.32150051556216525
0.17943472008366873,-0.32212941689771346
0.17106332403222366,-0.31722207126044677
0.2060131797678025,-0.31609322095006914
0.1665958791881188,-0.3263298573098712
0.1331588231833412,-0.31126618746624607
0.153215803575218,-0.3246888717708642
0.19508954144059246,-0.3094929386052596
0.14673014299183681,-0.31553384729904926
0.2075526829918459,-0.30984356796732204
0.1959348077698494,-0.30991028154326605
0.177817023582878,-0.3085039877404905
0.18589348565763122,-0.3121756658264798
0.14896209983471878,-0.321967155825269
0.15538513656590433,-0.3215123112759756
0.12347339752669553,-0.323046448278971
0.129198328894439,-0.31624446190617467
0.14204614678032143,-0.3225481137918772
0.16834584231213914,-0.32800615461977845
0.10981248411004457,-0.32420194091698873
0.16094273788416324,-0.3212810216034425
0.146454413282815,-0.31819770059709074
0.0992043312152182,-0.32335056737770235
0.15555182007633817,-0.3142022210624593
0.16151193786435072,-0.317195954857816
0.16372503024360002,-0.3169593127364326
0.15629184424182307,-0.31186552521616867
0.17175109866985172,-0.31240424503758807
0.14434964002952924,-0.31071187756731794
0.16017202466058153,-0.30800082472829904
0.18439400323418187,-0.3142215050300616
0.1556521632907002,-0.3107085280896288
0.15122624008710453,-0.31427734485991493
0.20164168855973333,-0.3084543110015885
0.190110426209466,-0.3138235828220962
0.1601486482992946,-0.31176225270431157
0.13355186684231574,-0.3270385005170307
0.18679034547615675,-0.32175259465094164
0.16991326059689182,-0.323471649295978
0.17654909377218758,-0.31616560516059417
0.15002194497110785,-0.31489328454824217
0.16429321923548978,-0.3186989841228369
0.14077103337379065,-0.32749965170574
0.1519576881191505,-0.3197674302776111
0.17236925968489444,-0.31555841462346707
0.18837433928687966,-0.31317546485009073
0.17159137310462586,-0.31550596568102063
0.18658961221940354,-0.31959357337953376
0.15985503716883703,-0.3140279777912857
0.17699591552235294,-0.3143925783505642
0.16241412809730044,-0.32206271164975303
0.17486716520068368,-0.3180458441957612
0.18377215151302484,-0.3254266632361319
0.1722828251599914,-0.322009745180159
0.16323686750947422,-0.31873194003475785
0.14345930429701778,-0.314455659738876
0.12979609306441467,-0.3202994232661645
0.19914337189799375,-0.3143987251806766
0.16650078418036984,-0.3140923981758919
0.1380976450988156,-0.3267009613689517
0.1666873460492826,-0.31208548204848363
0.18187742346804406,-0.3110165809622299
0.1667262044265768,-0.32206446376330405
0.17116315231012708,-0.30767767540177826
0.17455362720864503,-0.3073282523358443
0.19309595012808461,-0.3134172585086522
0.14379904816317707,-0.3207266096571799
0.19554297110473104,-0.31066369989945064
0.19475728229549252,-0.31969747860106035
0.14465263057521466,-0.3131976928593214
0.160686100327276,-0.31899176436523863
0.18920651485576512,-0.3172690317473603
0.16751937276075932,-0.3100239527105687
0.19734008419893606,-0.3182155072538719
0.11964890784964043,-0.31511524053937656
0.18911316298384281,-0.3153193403598779
0.16641547192394204,-0.313435850834535
0.2028252686549344,-0.31919995517770844
0.09550122996973243,-0.33000986126838194
0.10222561448487215,-0.31765204396045227
0.05175518567855856,-0.32785791303599926
0.03369647885626069,-0.31454297770626044
0.004562745792791107,-0.3167275337936766
0.0009628480091758377,-0.31300079331110353
0.0234290838717508,-0.31629102024400435
-0.021255072226682707,-0.3168732730173555
-0.01762057864699786,-0.32607503610230604
-0.06333834424234085,-0.3161378445905949
-0.06044379134600027,-0.31160492152655367
-0.05969083437217812,-0.311239322160436
-0.018922861230077366,-0.3094661369321617
0.004480003855907768,-0.35920801420150705
-0.020606821393511318,-0.38638247483516824
-0.019823618509925273,-0.3879700446058005
-0.04172651192547189,-0.39308904722503113
-0.014620142914969651,-0.38142843315140074
-0.060706335774119845,-0.3722361756753503
0.005109256509342174,-0.3681835775300257
-0.02834553827361656,-0.35003003614926154
0.008980490038333802,-0.34653119048392483
0.004626944898241256,-0.3406310949952003
-0.09777335729013609,-0.3467442313633547
-0.04696076198651418,-0.34252840938171586
-0.04843761024589436,-0.33671513359915245
-0.09984030736658853,-0.3297956133741261
-0.045801716985395965,-0.3253632774926583
-0.061133650570960235,-0.3232073332323353
-0.02908570232413541,-0.3239831260155638
-0.07322915638091333,-0.30890411422985886
-0.053110365853351556,-0.3135307217609642
-0.021151833034504963,-0.31995420600102026
-0.12130713959764225,-0.32566852891868453
-0.02301334613587455,-0.32073494459959956
-0.08661941152512548,-0.3092795222857227
-0.008584817221644182,-0.32649589011589814
-0.07445478545119745,-0.32887817506633965
-0.02586145320478179,-0.32737164110225964
-0.03187061892090492,-0.3234096809098423
-0.015839787683716064,-0.31837795931502805
-0.050570035617309966,-0.30690049837582223
-0.0321973107428313,-0.31498029828304197
-0.07446661362695321,-0.3205521905518438
-0.0788060910275519,-0.31873377654319696
-0.07338537300796993,-0.3185123792869723
-0.055646774910650336,-0.3127205048325851
-0.05304120450662408,-0.32245035574314695
-0.04943286604198756,-0.31289921122031844
-0.07949840540432578,-0.3197862701116265
-0.0647882319800489,-0.3181113993640419
-0.04558818706044,-0.31486174447561666
-0.03061996538944651,-0.31690008122127483
-0.018116136726452646,-0.3678339609183343
0.026483023462436122,-0.3894635412632839
-0.039874651406290845,-0.4046498138831316
-0.06474918525090999,-0.3951509057618335
-0.09863849607244618,-0.3854807631436257
-0.10000510569974132,-0.3747306352529337
-0.10685249082430667,-0.3703170966890207
-0.14388676636739176,-0.35838577813934086
-0.1714808612083042,-0.3475722260393134
-0.1719649246016318,-0.33286109034071343
-0.23391070931682162,-0.33004305737148093
-0.19683383663414444,-0.347761673934658
-0.14427224325431495,-0.3881006916198514
-0.209395578630808,-0.3826379014397927
-0.18541592749959393,-0.39802849597333845
-0.2290506148666986,-0.4000701613642707
-0.23439125775527034,-0.3870959625620976
-0.19168170659002584,-0.3825171573266756
-0.20482905310825675,-0.3709936943643541
-0.24563358610133673,-0.35205920328932067
-0.26632169795946825,-0.33372803832121645
-0.2756172580993721,-0.3249048125740486
-0.2803431656411195,-0.31431073717455693
-0.2609719727492017,-0.31030561060302286
-0.25212861732313113,-0.30899293334986117
-0.25890387225333505,-0.2986340348793468
-0.286949006441323,-0.29268338019811413
-0.30503496572331457,-0.2866433195800713
-0.26182003357488626,-0.29768801807143286
-0.2767497925068334,-0.29475149746432355
-0.279535356089342,-0.28377203914432825
-0.291374445228272,-0.28469085228161967
-0.2869054742564115,-0.2888956990770302
-0.3143563636600854,-0.2706900353034168
-0.27738448169908697,-0.26426555565524096
-0.3071133268435087,-0.27454582772815433
-0.30932037631419296,-0.26322899318796833
-0.2903661355667398,-0.2879453910395573
-0.25118493617783205,-0.27096189994001413
-0.3145961608890099,-0.264355990032919
-0.29084253782020897,-0.2710136027565817
-0.3062631019747512,-0.27995614623348775
-0.2876850501913097,-0.2744921921007487
-0.297193135363561,-0.26441409533712545
-0.27848485993824446,-0.27726260534460756
-0.3045918719065964,-0.25196131420679935
-0.32091771368739325,-0.2528255163921906
-0.3188225369845014,-0.2588813035332178
-0.2813140886626453,-0.27501154900190633
-0.27798794980664837,-0.25718759598946433
-0.29926559128105673,-0.26833165211731946
-0.2621227001349228,-0.25634554293403516
-0.2837921617365727,-0.24682315496879317
-0.3141895462703745,-0.24484774470487164
-0.3067283182668822,-0.2591949162122538
-0.2937756436524144,-0.25763431742742365
-0.3155831291321376,-0.2561651099734429
-0.3165078832011966,-0.2642942516240019
-0.29469601598058237,-0.28578176722076604
-0.31979298291519026,-0.2546737483844899
-0.33620183197818054,-0.25302525544797766
-0.31443363671295554,-0.27695398185344156
-0.31587340783749907,-0.25720224400248765
-0.2985360939346599,-0.2597560426720556
-0.32663294695731304,-0.2527557519114866
-0.2821178957406949,-0.2503680885413903
-0.2993917792257999,-0.26922909532516587
-0.30932114334002353,-0.2504730359947459
-0.3005504596253901,-0.263123270644617
-0.31370880236182624,-0.25537169300142437
-0.3075290556285745,-0.2575174707948125
-0.2940560421941093,-0.25987880826240223
-0.27809547389819034,-0.24925289062151507
-0.32666218755358173,-0.24533302765349085
-0.3229843633773498,-0.2450514824928085
-0.28658418831141924,-0.2730739805467118
-0.3289174054228861,-0.2520295069017983
-0.30920504976070307,-0.25374147460921226
-0.31404320752892845,-0.2608734869684293
-0.31074915414154547,-0.25025052229902955
-0.3190767763943716,-0.2583539285895744
-0.335704155374484,-0.251405375148381
-0.31458856273896585,-0.25678129976720054
-0.30210996730426853,-0.2609833591979677
-0.3003047343048751,-0.24553020876554188
-0.30977831242013965,-0.2620574993723936
-0.29055921851986394,-0.25808342748748414
-0.3223802445412583,-0.2644216042298586
-0.30265999680774797,-0.25999302464160534
-0.3163846210030286,-0.2605051915879367
-0.31572065966969753,-0.2627567887720317
-0.3076285614474654,-0.2657760438054535
-0.31402953603072975,-0.26690757574229174
-0.31572983186577386,-0.2711448688178639
-0.3051254857172662,-0.2785356350593979
-0.3087228279250361,-0.27577174924326964
